unidade;ano;mes;setor_centro_custo;paciente_dia
HRBJA;2025;1;UUE/INTERNAÇÃO/HRB/CHB;85
HRBJA;2025;2;UUE/INTERNAÇÃO/HRB/CHB;138
HRBJA;2025;3;UUE/INTERNAÇÃO/HRB/CHB;163
HRBJA;2025;4;UUE/INTERNAÇÃO/HRB/CHB;149
HRBJA;2025;5;UUE/INTERNAÇÃO/HRB/CHB;115
HRBJA;2025;6;UUE/INTERNAÇÃO/HRB/CHB;127
HRBJA;2025;7;UUE/INTERNAÇÃO/HRB/CHB;148
HRBJA;2025;8;UUE/INTERNAÇÃO/HRB/CHB;205
HRBJA;2025;9;UUE/INTERNAÇÃO/HRB/CHB;230
HRBJA;2025;10;UUE/INTERNAÇÃO/HRB/CHB;200
HRBJA;2025;11;UUE/INTERNAÇÃO/HRB/CHB;155
HRBJA;2025;1;UTI ADULTO/HRB/CHB;601
HRBJA;2025;2;UTI ADULTO/HRB/CHB;551
HRBJA;2025;3;UTI ADULTO/HRB/CHB;604
HRBJA;2025;4;UTI ADULTO/HRB/CHB;592
HRBJA;2025;5;UTI ADULTO/HRB/CHB;599
HRBJA;2025;6;UTI ADULTO/HRB/CHB;590
HRBJA;2025;7;UTI ADULTO/HRB/CHB;615
HRBJA;2025;8;UTI ADULTO/HRB/CHB;614
HRBJA;2025;9;UTI ADULTO/HRB/CHB;596
HRBJA;2025;10;UTI ADULTO/HRB/CHB;621
HRBJA;2025;11;UTI ADULTO/HRB/CHB;599
HRJP;2025;1;UTI - PEDIÁTRICO;78
HRJP;2025;2;UTI - PEDIÁTRICO;117
HRJP;2025;3;UTI - PEDIÁTRICO;264
HRJP;2025;4;UTI - PEDIÁTRICO;190
HRJP;2025;5;UTI - PEDIÁTRICO;254
HRJP;2025;6;UTI - PEDIÁTRICO;215
HRJP;2025;7;UTI - PEDIÁTRICO;112
HRJP;2025;8;UTI - PEDIÁTRICO;147
HRJP;2025;9;UTI - PEDIÁTRICO;150
HRJP;2025;10;UTI - PEDIÁTRICO;198
HRJP;2025;11;UTI - PEDIÁTRICO;208
HRJP;2025;4;UTI - NEONATAL II;186
HRJP;2025;5;UTI - NEONATAL II;183
HRJP;2025;6;UTI - NEONATAL II;205
HRJP;2025;7;UTI - NEONATAL II;175
HRJP;2025;8;UTI - NEONATAL II;183
HRJP;2025;9;UTI - NEONATAL II;186
HRJP;2025;10;UTI - NEONATAL II;228
HRJP;2025;11;UTI - NEONATAL II;12
HRJP;2025;1;UTI - NEONATAL I;215
HRJP;2025;2;UTI - NEONATAL I;243
HRJP;2025;3;UTI - NEONATAL I;297
HRJP;2025;4;UTI - NEONATAL I;245
HRJP;2025;5;UTI - NEONATAL I;252
HRJP;2025;6;UTI - NEONATAL I;272
HRJP;2025;7;UTI - NEONATAL I;233
HRJP;2025;8;UTI - NEONATAL I;230
HRJP;2025;9;UTI - NEONATAL I;205
HRJP;2025;10;UTI - NEONATAL I;264
HRJP;2025;11;UTI - NEONATAL I;231
HJK;2025;1;UTI - NEONATAL;227
HJK;2025;2;UTI - NEONATAL;193
HJK;2025;3;UTI - NEONATAL;329
HJK;2025;4;UTI - NEONATAL;278
HJK;2025;5;UTI - NEONATAL;472
HJK;2025;6;UTI - NEONATAL;509
HJK;2025;7;UTI - NEONATAL;380
HJK;2025;8;UTI - NEONATAL;189
HJK;2025;9;UTI - NEONATAL;219
HJK;2025;10;UTI - NEONATAL;206
HJK;2025;11;UTI - NEONATAL;197
HRAD;2025;1;UTI - NEONATAL;266
HRAD;2025;2;UTI - NEONATAL;242
HRAD;2025;3;UTI - NEONATAL;263
HRAD;2025;4;UTI - NEONATAL;250
HRAD;2025;5;UTI - NEONATAL;239
HRAD;2025;6;UTI - NEONATAL;260
HRAD;2025;7;UTI - NEONATAL;254
HRAD;2025;8;UTI - NEONATAL;270
HRAD;2025;9;UTI - NEONATAL;253
HRAD;2025;10;UTI - NEONATAL;230
HRAD;2025;11;UTI - NEONATAL;240
MOV;2025;1;UTI - NEONATAL;533
MOV;2025;2;UTI - NEONATAL;492
MOV;2025;3;UTI - NEONATAL;526
MOV;2025;4;UTI - NEONATAL;513
MOV;2025;5;UTI - NEONATAL;496
MOV;2025;6;UTI - NEONATAL;532
MOV;2025;7;UTI - NEONATAL;534
MOV;2025;8;UTI - NEONATAL;535
MOV;2025;9;UTI - NEONATAL;356
MOV;2025;10;UTI - NEONATAL;402
MOV;2025;11;UTI - NEONATAL;494
HAC;2025;1;UTI - ADULTO;295
HAC;2025;2;UTI - ADULTO;271
HAC;2025;3;UTI - ADULTO;306
HAC;2025;4;UTI - ADULTO;296
HAC;2025;5;UTI - ADULTO;302
HAC;2025;6;UTI - ADULTO;287
HAC;2025;7;UTI - ADULTO;301
HAC;2025;8;UTI - ADULTO;309
HAC;2025;9;UTI - ADULTO;290
HAC;2025;10;UTI - ADULTO;129
HEM;2025;1;UTI - ADULTO;263
HEM;2025;2;UTI - ADULTO;232
HEM;2025;3;UTI - ADULTO;283
HEM;2025;4;UTI - ADULTO;277
HEM;2025;5;UTI - ADULTO;285
HEM;2025;6;UTI - ADULTO;95
HJK;2025;1;UTI - ADULTO;859
HJK;2025;2;UTI - ADULTO;777
HJK;2025;3;UTI - ADULTO;841
HJK;2025;4;UTI - ADULTO;789
HJK;2025;5;UTI - ADULTO;935
HJK;2025;6;UTI - ADULTO;1113
HJK;2025;7;UTI - ADULTO;1156
HJK;2025;8;UTI - ADULTO;1171
HJK;2025;9;UTI - ADULTO;1118
HJK;2025;10;UTI - ADULTO;1117
HJK;2025;11;UTI - ADULTO;1118
HRAD;2025;1;UTI - ADULTO;278
HRAD;2025;2;UTI - ADULTO;242
HRAD;2025;3;UTI - ADULTO;272
HRAD;2025;4;UTI - ADULTO;261
HRAD;2025;5;UTI - ADULTO;276
HRAD;2025;6;UTI - ADULTO;262
HRAD;2025;7;UTI - ADULTO;270
HRAD;2025;8;UTI - ADULTO;265
HRAD;2025;9;UTI - ADULTO;261
HRAD;2025;10;UTI - ADULTO;273
HRAD;2025;11;UTI - ADULTO;257
HRJP;2025;1;UTI - ADULTO;340
HRJP;2025;2;UTI - ADULTO;275
HRJP;2025;3;UTI - ADULTO;293
HRJP;2025;4;UTI - ADULTO;290
HRJP;2025;5;UTI - ADULTO;299
HRJP;2025;6;UTI - ADULTO;292
HRJP;2025;7;UTI - ADULTO;302
HRJP;2025;8;UTI - ADULTO;306
HRJP;2025;9;UTI - ADULTO;291
HRJP;2025;10;UTI - ADULTO;303
HRJP;2025;11;UTI - ADULTO;301
MOV;2025;1;UTI - ADULTO;217
MOV;2025;2;UTI - ADULTO;166
MOV;2025;3;UTI - ADULTO;212
MOV;2025;4;UTI - ADULTO;228
MOV;2025;5;UTI - ADULTO;233
MOV;2025;6;UTI - ADULTO;228
MOV;2025;7;UTI - ADULTO;247
MOV;2025;8;UTI - ADULTO;234
MOV;2025;9;UTI - ADULTO;212
MOV;2025;10;UTI - ADULTO;190
MOV;2025;11;UTI - ADULTO;195
HJXXIII;2025;1;UTI -  PEDIATRICO 2º ANDAR;192
HJXXIII;2025;2;UTI -  PEDIATRICO 2º ANDAR;180
HJXXIII;2025;3;UTI -  PEDIATRICO 2º ANDAR;201
HJXXIII;2025;4;UTI -  PEDIATRICO 2º ANDAR;259
HJXXIII;2025;5;UTI -  PEDIATRICO 2º ANDAR;340
HJXXIII;2025;6;UTI -  PEDIATRICO 2º ANDAR;395
HJXXIII;2025;7;UTI -  PEDIATRICO 2º ANDAR;174
HJXXIII;2025;8;UTI -  PEDIATRICO 2º ANDAR;157
HJXXIII;2025;9;UTI -  PEDIATRICO 2º ANDAR;127
HJXXIII;2025;10;UTI -  PEDIATRICO 2º ANDAR;157
HJXXIII;2025;11;UTI -  PEDIATRICO 2º ANDAR;150
HIJPII;2025;1;UTI;371
HIJPII;2025;2;UTI;283
HIJPII;2025;3;UTI;354
HIJPII;2025;4;UTI;456
HIJPII;2025;5;UTI;502
HIJPII;2025;6;UTI;442
HIJPII;2025;7;UTI;373
HIJPII;2025;8;UTI;371
HIJPII;2025;9;UTI;288
HIJPII;2025;10;UTI;300
HIJPII;2025;11;UTI;349
HJXXIII;2025;1;UTI;1092
HJXXIII;2025;2;UTI;943
HJXXIII;2025;3;UTI;1090
HJXXIII;2025;4;UTI;1068
HJXXIII;2025;5;UTI;1092
HJXXIII;2025;6;UTI;1096
HJXXIII;2025;7;UTI;1071
HJXXIII;2025;8;UTI;1077
HJXXIII;2025;9;UTI;982
HJXXIII;2025;10;UTI;1051
HJXXIII;2025;11;UTI;964
IRS;2025;1;UTC - UNIDADE DE TRATAMENTO CLÍNICO;174
IRS;2025;2;UTC - UNIDADE DE TRATAMENTO CLÍNICO;161
IRS;2025;3;UTC - UNIDADE DE TRATAMENTO CLÍNICO;174
IRS;2025;4;UTC - UNIDADE DE TRATAMENTO CLÍNICO;132
IRS;2025;5;UTC - UNIDADE DE TRATAMENTO CLÍNICO;157
IRS;2025;6;UTC - UNIDADE DE TRATAMENTO CLÍNICO;155
IRS;2025;7;UTC - UNIDADE DE TRATAMENTO CLÍNICO;155
IRS;2025;8;UTC - UNIDADE DE TRATAMENTO CLÍNICO;122
IRS;2025;9;UTC - UNIDADE DE TRATAMENTO CLÍNICO;124
IRS;2025;10;UTC - UNIDADE DE TRATAMENTO CLÍNICO;164
IRS;2025;11;UTC - UNIDADE DE TRATAMENTO CLÍNICO;168
CSSI;2025;1;UNIDADES DE CUIDADOS PROLONGADOS - UCP;663
CSSI;2025;2;UNIDADES DE CUIDADOS PROLONGADOS - UCP;611
CSSI;2025;3;UNIDADES DE CUIDADOS PROLONGADOS - UCP;710
CSSI;2025;4;UNIDADES DE CUIDADOS PROLONGADOS - UCP;668
CSSI;2025;5;UNIDADES DE CUIDADOS PROLONGADOS - UCP;689
CSSI;2025;6;UNIDADES DE CUIDADOS PROLONGADOS - UCP;727
CSSI;2025;7;UNIDADES DE CUIDADOS PROLONGADOS - UCP;690
CSSI;2025;8;UNIDADES DE CUIDADOS PROLONGADOS - UCP;655
CSSI;2025;9;UNIDADES DE CUIDADOS PROLONGADOS - UCP;634
CSSI;2025;10;UNIDADES DE CUIDADOS PROLONGADOS - UCP;660
CSSI;2025;11;UNIDADES DE CUIDADOS PROLONGADOS - UCP;593
CSSI;2025;1;UNIDADE URGÊNCIA/EMERGÊNCIA - OBSERVAÇÃO;18
CSSI;2025;2;UNIDADE URGÊNCIA/EMERGÊNCIA - OBSERVAÇÃO;41
CSSI;2025;3;UNIDADE URGÊNCIA/EMERGÊNCIA - OBSERVAÇÃO;38
CSSI;2025;4;UNIDADE URGÊNCIA/EMERGÊNCIA - OBSERVAÇÃO;33
CSSI;2025;5;UNIDADE URGÊNCIA/EMERGÊNCIA - OBSERVAÇÃO;33
CSSI;2025;6;UNIDADE URGÊNCIA/EMERGÊNCIA - OBSERVAÇÃO;60
CSSI;2025;7;UNIDADE URGÊNCIA/EMERGÊNCIA - OBSERVAÇÃO;97
CSSI;2025;8;UNIDADE URGÊNCIA/EMERGÊNCIA - OBSERVAÇÃO;149
CSSI;2025;9;UNIDADE URGÊNCIA/EMERGÊNCIA - OBSERVAÇÃO;153
CSSI;2025;10;UNIDADE URGÊNCIA/EMERGÊNCIA - OBSERVAÇÃO;144
CSSI;2025;11;UNIDADE URGÊNCIA/EMERGÊNCIA - OBSERVAÇÃO;111
IRS;2025;1;UNIDADE URGÊNCIA/EMERGÊNCIA - OBSERVAÇÃO;109
IRS;2025;2;UNIDADE URGÊNCIA/EMERGÊNCIA - OBSERVAÇÃO;83
IRS;2025;3;UNIDADE URGÊNCIA/EMERGÊNCIA - OBSERVAÇÃO;103
IRS;2025;4;UNIDADE URGÊNCIA/EMERGÊNCIA - OBSERVAÇÃO;111
IRS;2025;5;UNIDADE URGÊNCIA/EMERGÊNCIA - OBSERVAÇÃO;127
IRS;2025;6;UNIDADE URGÊNCIA/EMERGÊNCIA - OBSERVAÇÃO;117
IRS;2025;7;UNIDADE URGÊNCIA/EMERGÊNCIA - OBSERVAÇÃO;118
IRS;2025;8;UNIDADE URGÊNCIA/EMERGÊNCIA - OBSERVAÇÃO;103
IRS;2025;9;UNIDADE URGÊNCIA/EMERGÊNCIA - OBSERVAÇÃO;100
IRS;2025;10;UNIDADE URGÊNCIA/EMERGÊNCIA - OBSERVAÇÃO;119
IRS;2025;11;UNIDADE URGÊNCIA/EMERGÊNCIA - OBSERVAÇÃO;112
MOV;2025;1;UNIDADE URGÊNCIA/EMERGÊNCIA - INTERNAÇÃO;233
MOV;2025;2;UNIDADE URGÊNCIA/EMERGÊNCIA - INTERNAÇÃO;182
MOV;2025;3;UNIDADE URGÊNCIA/EMERGÊNCIA - INTERNAÇÃO;214
MOV;2025;4;UNIDADE URGÊNCIA/EMERGÊNCIA - INTERNAÇÃO;141
MOV;2025;5;UNIDADE URGÊNCIA/EMERGÊNCIA - INTERNAÇÃO;137
MOV;2025;6;UNIDADE URGÊNCIA/EMERGÊNCIA - INTERNAÇÃO;216
MOV;2025;7;UNIDADE URGÊNCIA/EMERGÊNCIA - INTERNAÇÃO;148
MOV;2025;8;UNIDADE URGÊNCIA/EMERGÊNCIA - INTERNAÇÃO;167
MOV;2025;9;UNIDADE URGÊNCIA/EMERGÊNCIA - INTERNAÇÃO;195
MOV;2025;10;UNIDADE URGÊNCIA/EMERGÊNCIA - INTERNAÇÃO;157
MOV;2025;11;UNIDADE URGÊNCIA/EMERGÊNCIA - INTERNAÇÃO;192
HJK;2025;1;UNIDADE URGENCIA/EMERGENCIA;1953
HJK;2025;2;UNIDADE URGENCIA/EMERGENCIA;1769
HJK;2025;3;UNIDADE URGENCIA/EMERGENCIA;2024
HJK;2025;4;UNIDADE URGENCIA/EMERGENCIA;1963
HJK;2025;5;UNIDADE URGENCIA/EMERGENCIA;2252
HJK;2025;6;UNIDADE URGENCIA/EMERGENCIA;2035
HJK;2025;7;UNIDADE URGENCIA/EMERGENCIA;2153
HJK;2025;8;UNIDADE URGENCIA/EMERGENCIA;2185
HJK;2025;9;UNIDADE URGENCIA/EMERGENCIA;2173
HJK;2025;10;UNIDADE URGENCIA/EMERGENCIA;2069
HJK;2025;11;UNIDADE URGENCIA/EMERGENCIA;2079
MOV;2025;1;UNIDADE INTERNACAO ALTO-RISCO OBSTETRICO;423
MOV;2025;2;UNIDADE INTERNACAO ALTO-RISCO OBSTETRICO;400
MOV;2025;3;UNIDADE INTERNACAO ALTO-RISCO OBSTETRICO;465
MOV;2025;4;UNIDADE INTERNACAO ALTO-RISCO OBSTETRICO;436
MOV;2025;5;UNIDADE INTERNACAO ALTO-RISCO OBSTETRICO;434
MOV;2025;6;UNIDADE INTERNACAO ALTO-RISCO OBSTETRICO;388
MOV;2025;7;UNIDADE INTERNACAO ALTO-RISCO OBSTETRICO;429
MOV;2025;8;UNIDADE INTERNACAO ALTO-RISCO OBSTETRICO;421
MOV;2025;9;UNIDADE INTERNACAO ALTO-RISCO OBSTETRICO;404
MOV;2025;10;UNIDADE INTERNACAO ALTO-RISCO OBSTETRICO;424
MOV;2025;11;UNIDADE INTERNACAO ALTO-RISCO OBSTETRICO;399
HJXXIII;2025;1;UNIDADE INTERNAÇÃO - QUEIMADOS MÉDIOS - 8º ANDAR;673
HJXXIII;2025;2;UNIDADE INTERNAÇÃO - QUEIMADOS MÉDIOS - 8º ANDAR;599
HJXXIII;2025;3;UNIDADE INTERNAÇÃO - QUEIMADOS MÉDIOS - 8º ANDAR;690
HJXXIII;2025;4;UNIDADE INTERNAÇÃO - QUEIMADOS MÉDIOS - 8º ANDAR;596
HJXXIII;2025;5;UNIDADE INTERNAÇÃO - QUEIMADOS MÉDIOS - 8º ANDAR;674
HJXXIII;2025;6;UNIDADE INTERNAÇÃO - QUEIMADOS MÉDIOS - 8º ANDAR;632
HJXXIII;2025;7;UNIDADE INTERNAÇÃO - QUEIMADOS MÉDIOS - 8º ANDAR;620
HJXXIII;2025;8;UNIDADE INTERNAÇÃO - QUEIMADOS MÉDIOS - 8º ANDAR;649
HJXXIII;2025;9;UNIDADE INTERNAÇÃO - QUEIMADOS MÉDIOS - 8º ANDAR;631
HJXXIII;2025;10;UNIDADE INTERNAÇÃO - QUEIMADOS MÉDIOS - 8º ANDAR;707
HJXXIII;2025;11;UNIDADE INTERNAÇÃO - QUEIMADOS MÉDIOS - 8º ANDAR;635
HJXXIII;2025;1;UNIDADE INTERNAÇÃO - QUEIMADOS GRAVES 9º ANDAR;265
HJXXIII;2025;2;UNIDADE INTERNAÇÃO - QUEIMADOS GRAVES 9º ANDAR;233
HJXXIII;2025;3;UNIDADE INTERNAÇÃO - QUEIMADOS GRAVES 9º ANDAR;258
HJXXIII;2025;4;UNIDADE INTERNAÇÃO - QUEIMADOS GRAVES 9º ANDAR;246
HJXXIII;2025;5;UNIDADE INTERNAÇÃO - QUEIMADOS GRAVES 9º ANDAR;228
HJXXIII;2025;6;UNIDADE INTERNAÇÃO - QUEIMADOS GRAVES 9º ANDAR;202
HJXXIII;2025;7;UNIDADE INTERNAÇÃO - QUEIMADOS GRAVES 9º ANDAR;226
HJXXIII;2025;8;UNIDADE INTERNAÇÃO - QUEIMADOS GRAVES 9º ANDAR;244
HJXXIII;2025;9;UNIDADE INTERNAÇÃO - QUEIMADOS GRAVES 9º ANDAR;269
HJXXIII;2025;10;UNIDADE INTERNAÇÃO - QUEIMADOS GRAVES 9º ANDAR;264
HJXXIII;2025;11;UNIDADE INTERNAÇÃO - QUEIMADOS GRAVES 9º ANDAR;236
HEM;2025;1;UNIDADE INTERNAÇÃO - DOENÇAS INFECTO-CONTAGIOSAS E PARASITÁRIAS DOENÇAS INFECTO CONTAGIOSAS;1860
HEM;2025;2;UNIDADE INTERNAÇÃO - DOENÇAS INFECTO-CONTAGIOSAS E PARASITÁRIAS DOENÇAS INFECTO CONTAGIOSAS;1617
HEM;2025;3;UNIDADE INTERNAÇÃO - DOENÇAS INFECTO-CONTAGIOSAS E PARASITÁRIAS DOENÇAS INFECTO CONTAGIOSAS;1974
HEM;2025;4;UNIDADE INTERNAÇÃO - DOENÇAS INFECTO-CONTAGIOSAS E PARASITÁRIAS DOENÇAS INFECTO CONTAGIOSAS;1928
HEM;2025;5;UNIDADE INTERNAÇÃO - DOENÇAS INFECTO-CONTAGIOSAS E PARASITÁRIAS DOENÇAS INFECTO CONTAGIOSAS;2030
HEM;2025;6;UNIDADE INTERNAÇÃO - DOENÇAS INFECTO-CONTAGIOSAS E PARASITÁRIAS DOENÇAS INFECTO CONTAGIOSAS;601
HIJPII;2025;1;UNIDADE INTERNAÇÃO - DOENÇAS INFECTO-CONTAGIOSAS E PARASITÁRIAS;532
HIJPII;2025;2;UNIDADE INTERNAÇÃO - DOENÇAS INFECTO-CONTAGIOSAS E PARASITÁRIAS;492
HIJPII;2025;3;UNIDADE INTERNAÇÃO - DOENÇAS INFECTO-CONTAGIOSAS E PARASITÁRIAS;654
HIJPII;2025;4;UNIDADE INTERNAÇÃO - DOENÇAS INFECTO-CONTAGIOSAS E PARASITÁRIAS;808
HIJPII;2025;5;UNIDADE INTERNAÇÃO - DOENÇAS INFECTO-CONTAGIOSAS E PARASITÁRIAS;979
HIJPII;2025;6;UNIDADE INTERNAÇÃO - DOENÇAS INFECTO-CONTAGIOSAS E PARASITÁRIAS;768
HIJPII;2025;7;UNIDADE INTERNAÇÃO - DOENÇAS INFECTO-CONTAGIOSAS E PARASITÁRIAS;595
HIJPII;2025;8;UNIDADE INTERNAÇÃO - DOENÇAS INFECTO-CONTAGIOSAS E PARASITÁRIAS;537
HIJPII;2025;9;UNIDADE INTERNAÇÃO - DOENÇAS INFECTO-CONTAGIOSAS E PARASITÁRIAS;496
HIJPII;2025;10;UNIDADE INTERNAÇÃO - DOENÇAS INFECTO-CONTAGIOSAS E PARASITÁRIAS;583
HIJPII;2025;11;UNIDADE INTERNAÇÃO - DOENÇAS INFECTO-CONTAGIOSAS E PARASITÁRIAS;578
HIJPII;2025;1;UNIDADE INTERNAÇÃO - CURTO PRAZO;48
HIJPII;2025;2;UNIDADE INTERNAÇÃO - CURTO PRAZO;29
HIJPII;2025;3;UNIDADE INTERNAÇÃO - CURTO PRAZO;55
HIJPII;2025;4;UNIDADE INTERNAÇÃO - CURTO PRAZO;153
HIJPII;2025;5;UNIDADE INTERNAÇÃO - CURTO PRAZO;198
HIJPII;2025;6;UNIDADE INTERNAÇÃO - CURTO PRAZO;77
HIJPII;2025;7;UNIDADE INTERNAÇÃO - CURTO PRAZO;42
HIJPII;2025;8;UNIDADE INTERNAÇÃO - CURTO PRAZO;84
HIJPII;2025;9;UNIDADE INTERNAÇÃO - CURTO PRAZO;77
HIJPII;2025;10;UNIDADE INTERNAÇÃO - CURTO PRAZO;63
HIJPII;2025;11;UNIDADE INTERNAÇÃO - CURTO PRAZO;56
HRJP;2025;1;UNIDADE INTERNAÇÃO - CLÍNICA TISIOLÓGICA ALA C;89
HRJP;2025;2;UNIDADE INTERNAÇÃO - CLÍNICA TISIOLÓGICA ALA C;87
HRJP;2025;3;UNIDADE INTERNAÇÃO - CLÍNICA TISIOLÓGICA ALA C;142
HRJP;2025;4;UNIDADE INTERNAÇÃO - CLÍNICA TISIOLÓGICA ALA C;51
HRJP;2025;5;UNIDADE INTERNAÇÃO - CLÍNICA TISIOLÓGICA ALA C;65
HRJP;2025;6;UNIDADE INTERNAÇÃO - CLÍNICA TISIOLÓGICA ALA C;77
HRJP;2025;7;UNIDADE INTERNAÇÃO - CLÍNICA TISIOLÓGICA ALA C;102
HRJP;2025;8;UNIDADE INTERNAÇÃO - CLÍNICA TISIOLÓGICA ALA C;80
HRJP;2025;9;UNIDADE INTERNAÇÃO - CLÍNICA TISIOLÓGICA ALA C;54
HRJP;2025;10;UNIDADE INTERNAÇÃO - CLÍNICA TISIOLÓGICA ALA C;99
HRJP;2025;11;UNIDADE INTERNAÇÃO - CLÍNICA TISIOLÓGICA ALA C;148
HRJP;2025;1;UNIDADE INTERNAÇÃO - CLÍNICA TISIOLÓGICA ALA B;36
HRJP;2025;2;UNIDADE INTERNAÇÃO - CLÍNICA TISIOLÓGICA ALA B;45
HRJP;2025;3;UNIDADE INTERNAÇÃO - CLÍNICA TISIOLÓGICA ALA B;36
HRJP;2025;4;UNIDADE INTERNAÇÃO - CLÍNICA TISIOLÓGICA ALA B;51
HRJP;2025;5;UNIDADE INTERNAÇÃO - CLÍNICA TISIOLÓGICA ALA B;55
HRJP;2025;6;UNIDADE INTERNAÇÃO - CLÍNICA TISIOLÓGICA ALA B;52
HRJP;2025;7;UNIDADE INTERNAÇÃO - CLÍNICA TISIOLÓGICA ALA B;15
HRJP;2025;8;UNIDADE INTERNAÇÃO - CLÍNICA TISIOLÓGICA ALA B;51
HRJP;2025;9;UNIDADE INTERNAÇÃO - CLÍNICA TISIOLÓGICA ALA B;46
HRJP;2025;10;UNIDADE INTERNAÇÃO - CLÍNICA TISIOLÓGICA ALA B;48
HRJP;2025;11;UNIDADE INTERNAÇÃO - CLÍNICA TISIOLÓGICA ALA B;5
HJK;2025;1;UNIDADE INTERNAÇÃO - CLINICA TISIOLÓGICA;906
HJK;2025;2;UNIDADE INTERNAÇÃO - CLINICA TISIOLÓGICA;806
HJK;2025;3;UNIDADE INTERNAÇÃO - CLINICA TISIOLÓGICA;851
HJK;2025;4;UNIDADE INTERNAÇÃO - CLINICA TISIOLÓGICA;864
HJK;2025;5;UNIDADE INTERNAÇÃO - CLINICA TISIOLÓGICA;839
HJK;2025;6;UNIDADE INTERNAÇÃO - CLINICA TISIOLÓGICA;837
HJK;2025;7;UNIDADE INTERNAÇÃO - CLINICA TISIOLÓGICA;938
HJK;2025;8;UNIDADE INTERNAÇÃO - CLINICA TISIOLÓGICA;995
HJK;2025;9;UNIDADE INTERNAÇÃO - CLINICA TISIOLÓGICA;924
HJK;2025;10;UNIDADE INTERNAÇÃO - CLINICA TISIOLÓGICA;909
HJK;2025;11;UNIDADE INTERNAÇÃO - CLINICA TISIOLÓGICA;949
HRJP;2025;1;UNIDADE INTERNAÇÃO - CLÍNICA PSIQUIÁTRICA ALA C;78
HRJP;2025;2;UNIDADE INTERNAÇÃO - CLÍNICA PSIQUIÁTRICA ALA C;67
HRJP;2025;3;UNIDADE INTERNAÇÃO - CLÍNICA PSIQUIÁTRICA ALA C;84
HRJP;2025;4;UNIDADE INTERNAÇÃO - CLÍNICA PSIQUIÁTRICA ALA C;57
HRJP;2025;5;UNIDADE INTERNAÇÃO - CLÍNICA PSIQUIÁTRICA ALA C;90
HRJP;2025;6;UNIDADE INTERNAÇÃO - CLÍNICA PSIQUIÁTRICA ALA C;85
HRJP;2025;7;UNIDADE INTERNAÇÃO - CLÍNICA PSIQUIÁTRICA ALA C;82
HRJP;2025;8;UNIDADE INTERNAÇÃO - CLÍNICA PSIQUIÁTRICA ALA C;45
HRJP;2025;9;UNIDADE INTERNAÇÃO - CLÍNICA PSIQUIÁTRICA ALA C;83
HRJP;2025;10;UNIDADE INTERNAÇÃO - CLÍNICA PSIQUIÁTRICA ALA C;55
HRJP;2025;11;UNIDADE INTERNAÇÃO - CLÍNICA PSIQUIÁTRICA ALA C;67
HRJP;2025;1;UNIDADE INTERNAÇÃO - CLÍNICA PSIQUIÁTRICA ALA A;111
HRJP;2025;2;UNIDADE INTERNAÇÃO - CLÍNICA PSIQUIÁTRICA ALA A;170
HRJP;2025;3;UNIDADE INTERNAÇÃO - CLÍNICA PSIQUIÁTRICA ALA A;201
HRJP;2025;4;UNIDADE INTERNAÇÃO - CLÍNICA PSIQUIÁTRICA ALA A;191
HRJP;2025;5;UNIDADE INTERNAÇÃO - CLÍNICA PSIQUIÁTRICA ALA A;166
HRJP;2025;6;UNIDADE INTERNAÇÃO - CLÍNICA PSIQUIÁTRICA ALA A;168
HRJP;2025;7;UNIDADE INTERNAÇÃO - CLÍNICA PSIQUIÁTRICA ALA A;203
HRJP;2025;8;UNIDADE INTERNAÇÃO - CLÍNICA PSIQUIÁTRICA ALA A;114
HRJP;2025;9;UNIDADE INTERNAÇÃO - CLÍNICA PSIQUIÁTRICA ALA A;191
HRJP;2025;10;UNIDADE INTERNAÇÃO - CLÍNICA PSIQUIÁTRICA ALA A;173
HRJP;2025;11;UNIDADE INTERNAÇÃO - CLÍNICA PSIQUIÁTRICA ALA A;179
HJK;2025;1;UNIDADE INTERNAÇÃO - CLINICA PNEUMOLOGICA;1308
HJK;2025;2;UNIDADE INTERNAÇÃO - CLINICA PNEUMOLOGICA;1208
HJK;2025;3;UNIDADE INTERNAÇÃO - CLINICA PNEUMOLOGICA;1253
HJK;2025;4;UNIDADE INTERNAÇÃO - CLINICA PNEUMOLOGICA;1265
HJK;2025;5;UNIDADE INTERNAÇÃO - CLINICA PNEUMOLOGICA;1341
HJK;2025;6;UNIDADE INTERNAÇÃO - CLINICA PNEUMOLOGICA;1308
HJK;2025;7;UNIDADE INTERNAÇÃO - CLINICA PNEUMOLOGICA;1356
HJK;2025;8;UNIDADE INTERNAÇÃO - CLINICA PNEUMOLOGICA;1346
HJK;2025;9;UNIDADE INTERNAÇÃO - CLINICA PNEUMOLOGICA;1272
HJK;2025;10;UNIDADE INTERNAÇÃO - CLINICA PNEUMOLOGICA;1284
HJK;2025;11;UNIDADE INTERNAÇÃO - CLINICA PNEUMOLOGICA;1243
HRJP;2025;1;UNIDADE INTERNAÇÃO - CLÍNICA PEDIÁTRICA;418
HRJP;2025;2;UNIDADE INTERNAÇÃO - CLÍNICA PEDIÁTRICA;393
HRJP;2025;3;UNIDADE INTERNAÇÃO - CLÍNICA PEDIÁTRICA;422
HRJP;2025;4;UNIDADE INTERNAÇÃO - CLÍNICA PEDIÁTRICA;606
HRJP;2025;5;UNIDADE INTERNAÇÃO - CLÍNICA PEDIÁTRICA;686
HRJP;2025;6;UNIDADE INTERNAÇÃO - CLÍNICA PEDIÁTRICA;733
HRJP;2025;7;UNIDADE INTERNAÇÃO - CLÍNICA PEDIÁTRICA;639
HRJP;2025;8;UNIDADE INTERNAÇÃO - CLÍNICA PEDIÁTRICA;492
HRJP;2025;9;UNIDADE INTERNAÇÃO - CLÍNICA PEDIÁTRICA;500
HRJP;2025;10;UNIDADE INTERNAÇÃO - CLÍNICA PEDIÁTRICA;446
HRJP;2025;11;UNIDADE INTERNAÇÃO - CLÍNICA PEDIÁTRICA;483
HIJPII;2025;1;UNIDADE INTERNAÇÃO - CLINICA PEDIÁTRICA;1619
HIJPII;2025;2;UNIDADE INTERNAÇÃO - CLINICA PEDIÁTRICA;1431
HIJPII;2025;3;UNIDADE INTERNAÇÃO - CLINICA PEDIÁTRICA;1929
HIJPII;2025;4;UNIDADE INTERNAÇÃO - CLINICA PEDIÁTRICA;2051
HIJPII;2025;5;UNIDADE INTERNAÇÃO - CLINICA PEDIÁTRICA;2143
HIJPII;2025;6;UNIDADE INTERNAÇÃO - CLINICA PEDIÁTRICA;1875
HIJPII;2025;7;UNIDADE INTERNAÇÃO - CLINICA PEDIÁTRICA;1605
HIJPII;2025;8;UNIDADE INTERNAÇÃO - CLINICA PEDIÁTRICA;1540
HIJPII;2025;9;UNIDADE INTERNAÇÃO - CLINICA PEDIÁTRICA;1446
HIJPII;2025;10;UNIDADE INTERNAÇÃO - CLINICA PEDIÁTRICA;1544
HIJPII;2025;11;UNIDADE INTERNAÇÃO - CLINICA PEDIÁTRICA;1534
HRAD;2025;1;UNIDADE INTERNAÇÃO - CLINICA PEDIÁTRICA;272
HRAD;2025;2;UNIDADE INTERNAÇÃO - CLINICA PEDIÁTRICA;226
HRAD;2025;3;UNIDADE INTERNAÇÃO - CLINICA PEDIÁTRICA;258
HRAD;2025;4;UNIDADE INTERNAÇÃO - CLINICA PEDIÁTRICA;255
HRAD;2025;5;UNIDADE INTERNAÇÃO - CLINICA PEDIÁTRICA;263
HRAD;2025;6;UNIDADE INTERNAÇÃO - CLINICA PEDIÁTRICA;273
HRAD;2025;7;UNIDADE INTERNAÇÃO - CLINICA PEDIÁTRICA;245
HRAD;2025;8;UNIDADE INTERNAÇÃO - CLINICA PEDIÁTRICA;227
HRAD;2025;9;UNIDADE INTERNAÇÃO - CLINICA PEDIÁTRICA;292
HRAD;2025;10;UNIDADE INTERNAÇÃO - CLINICA PEDIÁTRICA;266
HRAD;2025;11;UNIDADE INTERNAÇÃO - CLINICA PEDIÁTRICA;195
HRAD;2025;1;UNIDADE INTERNAÇÃO - CLINICA ORTOPÉDICA;681
HRAD;2025;2;UNIDADE INTERNAÇÃO - CLINICA ORTOPÉDICA;586
HRAD;2025;3;UNIDADE INTERNAÇÃO - CLINICA ORTOPÉDICA;616
HRAD;2025;4;UNIDADE INTERNAÇÃO - CLINICA ORTOPÉDICA;625
HRAD;2025;5;UNIDADE INTERNAÇÃO - CLINICA ORTOPÉDICA;636
HRAD;2025;6;UNIDADE INTERNAÇÃO - CLINICA ORTOPÉDICA;632
HRAD;2025;7;UNIDADE INTERNAÇÃO - CLINICA ORTOPÉDICA;679
HRAD;2025;8;UNIDADE INTERNAÇÃO - CLINICA ORTOPÉDICA;673
HRAD;2025;9;UNIDADE INTERNAÇÃO - CLINICA ORTOPÉDICA;637
HRAD;2025;10;UNIDADE INTERNAÇÃO - CLINICA ORTOPÉDICA;590
HRAD;2025;11;UNIDADE INTERNAÇÃO - CLINICA ORTOPÉDICA;611
HJXXIII;2025;1;UNIDADE INTERNAÇÃO - CLINICA NEUROLOGICA 5º ANDAR;1028
HJXXIII;2025;2;UNIDADE INTERNAÇÃO - CLINICA NEUROLOGICA 5º ANDAR;940
HJXXIII;2025;3;UNIDADE INTERNAÇÃO - CLINICA NEUROLOGICA 5º ANDAR;1063
HJXXIII;2025;4;UNIDADE INTERNAÇÃO - CLINICA NEUROLOGICA 5º ANDAR;1026
HJXXIII;2025;5;UNIDADE INTERNAÇÃO - CLINICA NEUROLOGICA 5º ANDAR;1047
HJXXIII;2025;6;UNIDADE INTERNAÇÃO - CLINICA NEUROLOGICA 5º ANDAR;1020
HJXXIII;2025;7;UNIDADE INTERNAÇÃO - CLINICA NEUROLOGICA 5º ANDAR;1059
HJXXIII;2025;8;UNIDADE INTERNAÇÃO - CLINICA NEUROLOGICA 5º ANDAR;1034
HJXXIII;2025;9;UNIDADE INTERNAÇÃO - CLINICA NEUROLOGICA 5º ANDAR;1005
HJXXIII;2025;10;UNIDADE INTERNAÇÃO - CLINICA NEUROLOGICA 5º ANDAR;1061
HJXXIII;2025;11;UNIDADE INTERNAÇÃO - CLINICA NEUROLOGICA 5º ANDAR;1034
HRJP;2025;1;UNIDADE INTERNAÇÃO - CLÍNICA MÉDICA ALA C;106
HRJP;2025;2;UNIDADE INTERNAÇÃO - CLÍNICA MÉDICA ALA C;184
HRJP;2025;3;UNIDADE INTERNAÇÃO - CLÍNICA MÉDICA ALA C;181
HRJP;2025;4;UNIDADE INTERNAÇÃO - CLÍNICA MÉDICA ALA C;147
HRJP;2025;5;UNIDADE INTERNAÇÃO - CLÍNICA MÉDICA ALA C;219
HRJP;2025;6;UNIDADE INTERNAÇÃO - CLÍNICA MÉDICA ALA C;167
HRJP;2025;7;UNIDADE INTERNAÇÃO - CLÍNICA MÉDICA ALA C;166
HRJP;2025;8;UNIDADE INTERNAÇÃO - CLÍNICA MÉDICA ALA C;141
HRJP;2025;9;UNIDADE INTERNAÇÃO - CLÍNICA MÉDICA ALA C;205
HRJP;2025;10;UNIDADE INTERNAÇÃO - CLÍNICA MÉDICA ALA C;181
HRJP;2025;11;UNIDADE INTERNAÇÃO - CLÍNICA MÉDICA ALA C;224
HRJP;2025;1;UNIDADE INTERNAÇÃO - CLÍNICA MÉDICA ALA B;159
HRJP;2025;2;UNIDADE INTERNAÇÃO - CLÍNICA MÉDICA ALA B;266
HRJP;2025;3;UNIDADE INTERNAÇÃO - CLÍNICA MÉDICA ALA B;323
HRJP;2025;4;UNIDADE INTERNAÇÃO - CLÍNICA MÉDICA ALA B;296
HRJP;2025;5;UNIDADE INTERNAÇÃO - CLÍNICA MÉDICA ALA B;334
HRJP;2025;6;UNIDADE INTERNAÇÃO - CLÍNICA MÉDICA ALA B;279
HRJP;2025;7;UNIDADE INTERNAÇÃO - CLÍNICA MÉDICA ALA B;266
HRJP;2025;8;UNIDADE INTERNAÇÃO - CLÍNICA MÉDICA ALA B;255
HRJP;2025;9;UNIDADE INTERNAÇÃO - CLÍNICA MÉDICA ALA B;260
HRJP;2025;10;UNIDADE INTERNAÇÃO - CLÍNICA MÉDICA ALA B;274
HRJP;2025;11;UNIDADE INTERNAÇÃO - CLÍNICA MÉDICA ALA B;31
HRJP;2025;1;UNIDADE INTERNAÇÃO - CLÍNICA MÉDICA ALA A;292
HRJP;2025;2;UNIDADE INTERNAÇÃO - CLÍNICA MÉDICA ALA A;406
HRJP;2025;3;UNIDADE INTERNAÇÃO - CLÍNICA MÉDICA ALA A;451
HRJP;2025;4;UNIDADE INTERNAÇÃO - CLÍNICA MÉDICA ALA A;398
HRJP;2025;5;UNIDADE INTERNAÇÃO - CLÍNICA MÉDICA ALA A;467
HRJP;2025;6;UNIDADE INTERNAÇÃO - CLÍNICA MÉDICA ALA A;377
HRJP;2025;7;UNIDADE INTERNAÇÃO - CLÍNICA MÉDICA ALA A;287
HRJP;2025;8;UNIDADE INTERNAÇÃO - CLÍNICA MÉDICA ALA A;404
HRJP;2025;9;UNIDADE INTERNAÇÃO - CLÍNICA MÉDICA ALA A;434
HRJP;2025;10;UNIDADE INTERNAÇÃO - CLÍNICA MÉDICA ALA A;338
HRJP;2025;11;UNIDADE INTERNAÇÃO - CLÍNICA MÉDICA ALA A;467
HJXXIII;2025;1;UNIDADE INTERNAÇÃO - CLINICA MÉDICA 6º ANDAR;847
HJXXIII;2025;2;UNIDADE INTERNAÇÃO - CLINICA MÉDICA 6º ANDAR;793
HJXXIII;2025;3;UNIDADE INTERNAÇÃO - CLINICA MÉDICA 6º ANDAR;880
HJXXIII;2025;4;UNIDADE INTERNAÇÃO - CLINICA MÉDICA 6º ANDAR;846
HJXXIII;2025;5;UNIDADE INTERNAÇÃO - CLINICA MÉDICA 6º ANDAR;876
HJXXIII;2025;6;UNIDADE INTERNAÇÃO - CLINICA MÉDICA 6º ANDAR;841
HJXXIII;2025;7;UNIDADE INTERNAÇÃO - CLINICA MÉDICA 6º ANDAR;871
HJXXIII;2025;8;UNIDADE INTERNAÇÃO - CLINICA MÉDICA 6º ANDAR;876
HJXXIII;2025;9;UNIDADE INTERNAÇÃO - CLINICA MÉDICA 6º ANDAR;838
HJXXIII;2025;10;UNIDADE INTERNAÇÃO - CLINICA MÉDICA 6º ANDAR;855
HJXXIII;2025;11;UNIDADE INTERNAÇÃO - CLINICA MÉDICA 6º ANDAR;814
HAC;2025;1;UNIDADE INTERNAÇÃO - CLINICA MÉDICA;1468
HAC;2025;2;UNIDADE INTERNAÇÃO - CLINICA MÉDICA;1369
HAC;2025;3;UNIDADE INTERNAÇÃO - CLINICA MÉDICA;1550
HAC;2025;4;UNIDADE INTERNAÇÃO - CLINICA MÉDICA;1564
HAC;2025;5;UNIDADE INTERNAÇÃO - CLINICA MÉDICA;1536
HAC;2025;6;UNIDADE INTERNAÇÃO - CLINICA MÉDICA;1528
HAC;2025;7;UNIDADE INTERNAÇÃO - CLINICA MÉDICA;1562
HAC;2025;8;UNIDADE INTERNAÇÃO - CLINICA MÉDICA;1554
HAC;2025;9;UNIDADE INTERNAÇÃO - CLINICA MÉDICA;1549
HAC;2025;10;UNIDADE INTERNAÇÃO - CLINICA MÉDICA;687
HJK;2025;1;UNIDADE INTERNAÇÃO - CLINICA MÉDICA;1381
HJK;2025;2;UNIDADE INTERNAÇÃO - CLINICA MÉDICA;1315
HJK;2025;3;UNIDADE INTERNAÇÃO - CLINICA MÉDICA;1452
HJK;2025;4;UNIDADE INTERNAÇÃO - CLINICA MÉDICA;1409
HJK;2025;5;UNIDADE INTERNAÇÃO - CLINICA MÉDICA;1398
HJK;2025;6;UNIDADE INTERNAÇÃO - CLINICA MÉDICA;1429
HJK;2025;7;UNIDADE INTERNAÇÃO - CLINICA MÉDICA;1502
HJK;2025;8;UNIDADE INTERNAÇÃO - CLINICA MÉDICA;1493
HJK;2025;9;UNIDADE INTERNAÇÃO - CLINICA MÉDICA;1445
HJK;2025;10;UNIDADE INTERNAÇÃO - CLINICA MÉDICA;1484
HJK;2025;11;UNIDADE INTERNAÇÃO - CLINICA MÉDICA;1439
HRAD;2025;1;UNIDADE INTERNAÇÃO - CLINICA MÉDICA;765
HRAD;2025;2;UNIDADE INTERNAÇÃO - CLINICA MÉDICA;700
HRAD;2025;3;UNIDADE INTERNAÇÃO - CLINICA MÉDICA;758
HRAD;2025;4;UNIDADE INTERNAÇÃO - CLINICA MÉDICA;728
HRAD;2025;5;UNIDADE INTERNAÇÃO - CLINICA MÉDICA;757
HRAD;2025;6;UNIDADE INTERNAÇÃO - CLINICA MÉDICA;734
HRAD;2025;7;UNIDADE INTERNAÇÃO - CLINICA MÉDICA;650
HRAD;2025;8;UNIDADE INTERNAÇÃO - CLINICA MÉDICA;799
HRAD;2025;9;UNIDADE INTERNAÇÃO - CLINICA MÉDICA;713
HRAD;2025;10;UNIDADE INTERNAÇÃO - CLINICA MÉDICA;697
HRAD;2025;11;UNIDADE INTERNAÇÃO - CLINICA MÉDICA;718
HJXXIII;2025;1;UNIDADE INTERNAÇÃO - CLINICA CUIDADOS PROGRESSIVOS 3º ANDAR;598
HJXXIII;2025;2;UNIDADE INTERNAÇÃO - CLINICA CUIDADOS PROGRESSIVOS 3º ANDAR;526
HJXXIII;2025;3;UNIDADE INTERNAÇÃO - CLINICA CUIDADOS PROGRESSIVOS 3º ANDAR;594
HJXXIII;2025;4;UNIDADE INTERNAÇÃO - CLINICA CUIDADOS PROGRESSIVOS 3º ANDAR;597
HJXXIII;2025;5;UNIDADE INTERNAÇÃO - CLINICA CUIDADOS PROGRESSIVOS 3º ANDAR;635
HJXXIII;2025;6;UNIDADE INTERNAÇÃO - CLINICA CUIDADOS PROGRESSIVOS 3º ANDAR;609
HJXXIII;2025;7;UNIDADE INTERNAÇÃO - CLINICA CUIDADOS PROGRESSIVOS 3º ANDAR;614
HJXXIII;2025;8;UNIDADE INTERNAÇÃO - CLINICA CUIDADOS PROGRESSIVOS 3º ANDAR;604
HJXXIII;2025;9;UNIDADE INTERNAÇÃO - CLINICA CUIDADOS PROGRESSIVOS 3º ANDAR;612
HJXXIII;2025;10;UNIDADE INTERNAÇÃO - CLINICA CUIDADOS PROGRESSIVOS 3º ANDAR;612
HJXXIII;2025;11;UNIDADE INTERNAÇÃO - CLINICA CUIDADOS PROGRESSIVOS 3º ANDAR;594
HRJP;2025;1;UNIDADE INTERNAÇÃO - CLÍNICA CIRÚRGICA ALA C;55
HRJP;2025;2;UNIDADE INTERNAÇÃO - CLÍNICA CIRÚRGICA ALA C;137
HRJP;2025;3;UNIDADE INTERNAÇÃO - CLÍNICA CIRÚRGICA ALA C;102
HRJP;2025;4;UNIDADE INTERNAÇÃO - CLÍNICA CIRÚRGICA ALA C;111
HRJP;2025;5;UNIDADE INTERNAÇÃO - CLÍNICA CIRÚRGICA ALA C;77
HRJP;2025;6;UNIDADE INTERNAÇÃO - CLÍNICA CIRÚRGICA ALA C;105
HRJP;2025;7;UNIDADE INTERNAÇÃO - CLÍNICA CIRÚRGICA ALA C;96
HRJP;2025;8;UNIDADE INTERNAÇÃO - CLÍNICA CIRÚRGICA ALA C;109
HRJP;2025;9;UNIDADE INTERNAÇÃO - CLÍNICA CIRÚRGICA ALA C;140
HRJP;2025;10;UNIDADE INTERNAÇÃO - CLÍNICA CIRÚRGICA ALA C;110
HRJP;2025;11;UNIDADE INTERNAÇÃO - CLÍNICA CIRÚRGICA ALA C;162
HRJP;2025;1;UNIDADE INTERNAÇÃO - CLÍNICA CIRÚRGICA ALA B;99
HRJP;2025;2;UNIDADE INTERNAÇÃO - CLÍNICA CIRÚRGICA ALA B;85
HRJP;2025;3;UNIDADE INTERNAÇÃO - CLÍNICA CIRÚRGICA ALA B;105
HRJP;2025;4;UNIDADE INTERNAÇÃO - CLÍNICA CIRÚRGICA ALA B;92
HRJP;2025;5;UNIDADE INTERNAÇÃO - CLÍNICA CIRÚRGICA ALA B;89
HRJP;2025;6;UNIDADE INTERNAÇÃO - CLÍNICA CIRÚRGICA ALA B;82
HRJP;2025;7;UNIDADE INTERNAÇÃO - CLÍNICA CIRÚRGICA ALA B;119
HRJP;2025;8;UNIDADE INTERNAÇÃO - CLÍNICA CIRÚRGICA ALA B;81
HRJP;2025;9;UNIDADE INTERNAÇÃO - CLÍNICA CIRÚRGICA ALA B;91
HRJP;2025;10;UNIDADE INTERNAÇÃO - CLÍNICA CIRÚRGICA ALA B;89
HRJP;2025;11;UNIDADE INTERNAÇÃO - CLÍNICA CIRÚRGICA ALA B;9
HRJP;2025;1;UNIDADE INTERNAÇÃO - CLÍNICA CIRÚRGICA ALA A;58
HRJP;2025;2;UNIDADE INTERNAÇÃO - CLÍNICA CIRÚRGICA ALA A;119
HRJP;2025;3;UNIDADE INTERNAÇÃO - CLÍNICA CIRÚRGICA ALA A;136
HRJP;2025;4;UNIDADE INTERNAÇÃO - CLÍNICA CIRÚRGICA ALA A;122
HRJP;2025;5;UNIDADE INTERNAÇÃO - CLÍNICA CIRÚRGICA ALA A;131
HRJP;2025;6;UNIDADE INTERNAÇÃO - CLÍNICA CIRÚRGICA ALA A;115
HRJP;2025;7;UNIDADE INTERNAÇÃO - CLÍNICA CIRÚRGICA ALA A;83
HRJP;2025;8;UNIDADE INTERNAÇÃO - CLÍNICA CIRÚRGICA ALA A;99
HRJP;2025;9;UNIDADE INTERNAÇÃO - CLÍNICA CIRÚRGICA ALA A;152
HRJP;2025;10;UNIDADE INTERNAÇÃO - CLÍNICA CIRÚRGICA ALA A;153
HRJP;2025;11;UNIDADE INTERNAÇÃO - CLÍNICA CIRÚRGICA ALA A;155
HAC;2025;1;UNIDADE INTERNAÇÃO - CLINICA CIRURGICA;456
HAC;2025;2;UNIDADE INTERNAÇÃO - CLINICA CIRURGICA;455
HAC;2025;3;UNIDADE INTERNAÇÃO - CLINICA CIRURGICA;555
HAC;2025;4;UNIDADE INTERNAÇÃO - CLINICA CIRURGICA;520
HAC;2025;5;UNIDADE INTERNAÇÃO - CLINICA CIRURGICA;545
HAC;2025;6;UNIDADE INTERNAÇÃO - CLINICA CIRURGICA;528
HAC;2025;7;UNIDADE INTERNAÇÃO - CLINICA CIRURGICA;586
HAC;2025;8;UNIDADE INTERNAÇÃO - CLINICA CIRURGICA;551
HAC;2025;9;UNIDADE INTERNAÇÃO - CLINICA CIRURGICA;552
HAC;2025;10;UNIDADE INTERNAÇÃO - CLINICA CIRURGICA;251
HCM;2025;9;UNIDADE INTERNAÇÃO - CLINICA CIRURGICA;6
HCM;2025;10;UNIDADE INTERNAÇÃO - CLINICA CIRURGICA;9
HCM;2025;11;UNIDADE INTERNAÇÃO - CLINICA CIRURGICA;4
HJK;2025;1;UNIDADE INTERNAÇÃO - CLINICA CIRURGICA;868
HJK;2025;2;UNIDADE INTERNAÇÃO - CLINICA CIRURGICA;870
HJK;2025;3;UNIDADE INTERNAÇÃO - CLINICA CIRURGICA;829
HJK;2025;4;UNIDADE INTERNAÇÃO - CLINICA CIRURGICA;680
HJK;2025;5;UNIDADE INTERNAÇÃO - CLINICA CIRURGICA;928
HJK;2025;6;UNIDADE INTERNAÇÃO - CLINICA CIRURGICA;974
HJK;2025;7;UNIDADE INTERNAÇÃO - CLINICA CIRURGICA;881
HJK;2025;8;UNIDADE INTERNAÇÃO - CLINICA CIRURGICA;820
HJK;2025;9;UNIDADE INTERNAÇÃO - CLINICA CIRURGICA;825
HJK;2025;10;UNIDADE INTERNAÇÃO - CLINICA CIRURGICA;761
HJK;2025;11;UNIDADE INTERNAÇÃO - CLINICA CIRURGICA;731
HRAD;2025;1;UNIDADE INTERNAÇÃO - CLINICA CIRURGICA;655
HRAD;2025;2;UNIDADE INTERNAÇÃO - CLINICA CIRURGICA;674
HRAD;2025;3;UNIDADE INTERNAÇÃO - CLINICA CIRURGICA;709
HRAD;2025;4;UNIDADE INTERNAÇÃO - CLINICA CIRURGICA;651
HRAD;2025;5;UNIDADE INTERNAÇÃO - CLINICA CIRURGICA;723
HRAD;2025;6;UNIDADE INTERNAÇÃO - CLINICA CIRURGICA;657
HRAD;2025;7;UNIDADE INTERNAÇÃO - CLINICA CIRURGICA;640
HRAD;2025;8;UNIDADE INTERNAÇÃO - CLINICA CIRURGICA;620
HRAD;2025;9;UNIDADE INTERNAÇÃO - CLINICA CIRURGICA;575
HRAD;2025;10;UNIDADE INTERNAÇÃO - CLINICA CIRURGICA;623
HRAD;2025;11;UNIDADE INTERNAÇÃO - CLINICA CIRURGICA;664
HJXXIII;2025;1;UNIDADE INTERNAÇÃO - CIRURGIA PLÁSTICA 7º ANDAR;1049
HJXXIII;2025;2;UNIDADE INTERNAÇÃO - CIRURGIA PLÁSTICA 7º ANDAR;960
HJXXIII;2025;3;UNIDADE INTERNAÇÃO - CIRURGIA PLÁSTICA 7º ANDAR;1067
HJXXIII;2025;4;UNIDADE INTERNAÇÃO - CIRURGIA PLÁSTICA 7º ANDAR;1026
HJXXIII;2025;5;UNIDADE INTERNAÇÃO - CIRURGIA PLÁSTICA 7º ANDAR;1049
HJXXIII;2025;6;UNIDADE INTERNAÇÃO - CIRURGIA PLÁSTICA 7º ANDAR;1029
HJXXIII;2025;7;UNIDADE INTERNAÇÃO - CIRURGIA PLÁSTICA 7º ANDAR;1076
HJXXIII;2025;8;UNIDADE INTERNAÇÃO - CIRURGIA PLÁSTICA 7º ANDAR;1064
HJXXIII;2025;9;UNIDADE INTERNAÇÃO - CIRURGIA PLÁSTICA 7º ANDAR;1015
HJXXIII;2025;10;UNIDADE INTERNAÇÃO - CIRURGIA PLÁSTICA 7º ANDAR;1069
HJXXIII;2025;11;UNIDADE INTERNAÇÃO - CIRURGIA PLÁSTICA 7º ANDAR;1037
HJXXIII;2025;1;UNIDADE INTERNAÇÃO - CIRURGIA GERAL 4º ANDAR;1029
HJXXIII;2025;2;UNIDADE INTERNAÇÃO - CIRURGIA GERAL 4º ANDAR;904
HJXXIII;2025;3;UNIDADE INTERNAÇÃO - CIRURGIA GERAL 4º ANDAR;1025
HJXXIII;2025;4;UNIDADE INTERNAÇÃO - CIRURGIA GERAL 4º ANDAR;1020
HJXXIII;2025;5;UNIDADE INTERNAÇÃO - CIRURGIA GERAL 4º ANDAR;1029
HJXXIII;2025;6;UNIDADE INTERNAÇÃO - CIRURGIA GERAL 4º ANDAR;1004
HJXXIII;2025;7;UNIDADE INTERNAÇÃO - CIRURGIA GERAL 4º ANDAR;1058
HJXXIII;2025;8;UNIDADE INTERNAÇÃO - CIRURGIA GERAL 4º ANDAR;1043
HJXXIII;2025;9;UNIDADE INTERNAÇÃO - CIRURGIA GERAL 4º ANDAR;1006
HJXXIII;2025;10;UNIDADE INTERNAÇÃO - CIRURGIA GERAL 4º ANDAR;1041
HJXXIII;2025;11;UNIDADE INTERNAÇÃO - CIRURGIA GERAL 4º ANDAR;1018
CSSFA;2025;1;UNIDADE DE INTERNACAO CCI Cuidados Continuados Integ;1169
CSSFA;2025;2;UNIDADE DE INTERNACAO CCI Cuidados Continuados Integ;958
CSSFA;2025;3;UNIDADE DE INTERNACAO CCI Cuidados Continuados Integ;1198
CSSFA;2025;4;UNIDADE DE INTERNACAO CCI Cuidados Continuados Integ;1127
CSSFA;2025;5;UNIDADE DE INTERNACAO CCI Cuidados Continuados Integ;1318
CSSFA;2025;6;UNIDADE DE INTERNACAO CCI Cuidados Continuados Integ;1412
CSSFA;2025;7;UNIDADE DE INTERNACAO CCI Cuidados Continuados Integ;1502
CSSFA;2025;8;UNIDADE DE INTERNACAO CCI Cuidados Continuados Integ;1390
CSSFA;2025;9;UNIDADE DE INTERNACAO CCI Cuidados Continuados Integ;1244
CSSFA;2025;10;UNIDADE DE INTERNACAO CCI Cuidados Continuados Integ;1200
CSSFA;2025;11;UNIDADE DE INTERNACAO CCI Cuidados Continuados Integ;1087
HMAL;2025;1;UNIDADE DE INTERNAÇÃO - TRAUMATO/ORTOPEDIA B;447
HMAL;2025;2;UNIDADE DE INTERNAÇÃO - TRAUMATO/ORTOPEDIA B;203
HMAL;2025;3;UNIDADE DE INTERNAÇÃO - TRAUMATO/ORTOPEDIA B;93
HMAL;2025;4;UNIDADE DE INTERNAÇÃO - TRAUMATO/ORTOPEDIA B;195
HMAL;2025;5;UNIDADE DE INTERNAÇÃO - TRAUMATO/ORTOPEDIA B;408
HMAL;2025;6;UNIDADE DE INTERNAÇÃO - TRAUMATO/ORTOPEDIA B;424
HMAL;2025;7;UNIDADE DE INTERNAÇÃO - TRAUMATO/ORTOPEDIA B;457
HMAL;2025;8;UNIDADE DE INTERNAÇÃO - TRAUMATO/ORTOPEDIA B;471
HMAL;2025;9;UNIDADE DE INTERNAÇÃO - TRAUMATO/ORTOPEDIA B;437
HMAL;2025;10;UNIDADE DE INTERNAÇÃO - TRAUMATO/ORTOPEDIA B;432
HMAL;2025;11;UNIDADE DE INTERNAÇÃO - TRAUMATO/ORTOPEDIA B;375
HMAL;2025;1;UNIDADE DE INTERNAÇÃO - TRAUMATO/ORTOPEDIA A;377
HMAL;2025;2;UNIDADE DE INTERNAÇÃO - TRAUMATO/ORTOPEDIA A;160
HMAL;2025;3;UNIDADE DE INTERNAÇÃO - TRAUMATO/ORTOPEDIA A;55
HAC;2025;10;UNIDADE DE INTERNAÇÃO - CLÍNICA MÉDICA;868
HAC;2025;11;UNIDADE DE INTERNAÇÃO - CLÍNICA MÉDICA;1439
HRJP;2025;1;UNIDADE DE INTERNAÇÃO - CLÍNICA DIP ALA C;110
HRJP;2025;2;UNIDADE DE INTERNAÇÃO - CLÍNICA DIP ALA C;110
HRJP;2025;3;UNIDADE DE INTERNAÇÃO - CLÍNICA DIP ALA C;179
HRJP;2025;4;UNIDADE DE INTERNAÇÃO - CLÍNICA DIP ALA C;152
HRJP;2025;5;UNIDADE DE INTERNAÇÃO - CLÍNICA DIP ALA C;201
HRJP;2025;6;UNIDADE DE INTERNAÇÃO - CLÍNICA DIP ALA C;156
HRJP;2025;7;UNIDADE DE INTERNAÇÃO - CLÍNICA DIP ALA C;113
HRJP;2025;8;UNIDADE DE INTERNAÇÃO - CLÍNICA DIP ALA C;129
HRJP;2025;9;UNIDADE DE INTERNAÇÃO - CLÍNICA DIP ALA C;161
HRJP;2025;10;UNIDADE DE INTERNAÇÃO - CLÍNICA DIP ALA C;125
HRJP;2025;11;UNIDADE DE INTERNAÇÃO - CLÍNICA DIP ALA C;174
HAC;2025;10;UNIDADE DE INTERNAÇÃO - CLÍNICA CIRÚRGICA;337
HAC;2025;11;UNIDADE DE INTERNAÇÃO - CLÍNICA CIRÚRGICA;535
HRAD;2025;1;UNIDADE DE DECISAO CLINICA;535
HRAD;2025;2;UNIDADE DE DECISAO CLINICA;461
HRAD;2025;3;UNIDADE DE DECISAO CLINICA;512
HRAD;2025;4;UNIDADE DE DECISAO CLINICA;461
HRAD;2025;5;UNIDADE DE DECISAO CLINICA;521
HRAD;2025;6;UNIDADE DE DECISAO CLINICA;562
HRAD;2025;7;UNIDADE DE DECISAO CLINICA;505
HRAD;2025;8;UNIDADE DE DECISAO CLINICA;552
HRAD;2025;9;UNIDADE DE DECISAO CLINICA;515
HRAD;2025;10;UNIDADE DE DECISAO CLINICA;511
HRAD;2025;11;UNIDADE DE DECISAO CLINICA;493
CHPB;2025;1;UNIDADE DE CUIDADOS PROLONGADOS/CHPB/CHB;743
CHPB;2025;2;UNIDADE DE CUIDADOS PROLONGADOS/CHPB/CHB;677
CHPB;2025;3;UNIDADE DE CUIDADOS PROLONGADOS/CHPB/CHB;746
CHPB;2025;4;UNIDADE DE CUIDADOS PROLONGADOS/CHPB/CHB;614
CHPB;2025;5;UNIDADE DE CUIDADOS PROLONGADOS/CHPB/CHB;613
CHPB;2025;6;UNIDADE DE CUIDADOS PROLONGADOS/CHPB/CHB;678
CHPB;2025;7;UNIDADE DE CUIDADOS PROLONGADOS/CHPB/CHB;654
CHPB;2025;8;UNIDADE DE CUIDADOS PROLONGADOS/CHPB/CHB;708
CHPB;2025;9;UNIDADE DE CUIDADOS PROLONGADOS/CHPB/CHB;622
CHPB;2025;10;UNIDADE DE CUIDADOS PROLONGADOS/CHPB/CHB;733
CHPB;2025;11;UNIDADE DE CUIDADOS PROLONGADOS/CHPB/CHB;699
CSSI;2025;1;UNIDADE DE CUIDADOS PROLONGADOS - ALA B;163
CSSI;2025;2;UNIDADE DE CUIDADOS PROLONGADOS - ALA B;158
CSSI;2025;3;UNIDADE DE CUIDADOS PROLONGADOS - ALA B;21
CSSI;2025;4;UNIDADE DE CUIDADOS PROLONGADOS - ALA B;108
CSSI;2025;5;UNIDADE DE CUIDADOS PROLONGADOS - ALA B;217
CSSI;2025;6;UNIDADE DE CUIDADOS PROLONGADOS - ALA B;179
CSSI;2025;7;UNIDADE DE CUIDADOS PROLONGADOS - ALA B;175
CSSI;2025;8;UNIDADE DE CUIDADOS PROLONGADOS - ALA B;197
CSSI;2025;9;UNIDADE DE CUIDADOS PROLONGADOS - ALA B;178
CSSI;2025;10;UNIDADE DE CUIDADOS PROLONGADOS - ALA B;177
CSSI;2025;11;UNIDADE DE CUIDADOS PROLONGADOS - ALA B;153
CSSI;2025;1;UNIDADE DE CUIDADOS PROLONGADOS - ALA A;149
CSSI;2025;2;UNIDADE DE CUIDADOS PROLONGADOS - ALA A;124
CSSI;2025;3;UNIDADE DE CUIDADOS PROLONGADOS - ALA A;189
CSSI;2025;4;UNIDADE DE CUIDADOS PROLONGADOS - ALA A;108
CSSI;2025;6;UNIDADE DE CUIDADOS PROLONGADOS - ALA A;134
CSSI;2025;7;UNIDADE DE CUIDADOS PROLONGADOS - ALA A;160
CSSI;2025;8;UNIDADE DE CUIDADOS PROLONGADOS - ALA A;1
CSSI;2025;9;UNIDADE DE CUIDADOS PROLONGADOS - ALA A;67
CSSI;2025;10;UNIDADE DE CUIDADOS PROLONGADOS - ALA A;176
CSSI;2025;11;UNIDADE DE CUIDADOS PROLONGADOS - ALA A;154
HCM;2025;1;UNIDADE DE CUIDADOS CONTINUADOS INTEGRADOS;1010
HCM;2025;2;UNIDADE DE CUIDADOS CONTINUADOS INTEGRADOS;952
HCM;2025;3;UNIDADE DE CUIDADOS CONTINUADOS INTEGRADOS;1053
HCM;2025;4;UNIDADE DE CUIDADOS CONTINUADOS INTEGRADOS;1067
HCM;2025;5;UNIDADE DE CUIDADOS CONTINUADOS INTEGRADOS;1237
HCM;2025;6;UNIDADE DE CUIDADOS CONTINUADOS INTEGRADOS;1265
HCM;2025;7;UNIDADE DE CUIDADOS CONTINUADOS INTEGRADOS;1364
HCM;2025;8;UNIDADE DE CUIDADOS CONTINUADOS INTEGRADOS;1433
HCM;2025;9;UNIDADE DE CUIDADOS CONTINUADOS INTEGRADOS;1246
HCM;2025;10;UNIDADE DE CUIDADOS CONTINUADOS INTEGRADOS;1302
HCM;2025;11;UNIDADE DE CUIDADOS CONTINUADOS INTEGRADOS;989
MOV;2025;1;UNIDADE DE CUIDADO INTERMEDIÁRIO NEONATAL CONVENCIONAL;492
MOV;2025;2;UNIDADE DE CUIDADO INTERMEDIÁRIO NEONATAL CONVENCIONAL;447
MOV;2025;3;UNIDADE DE CUIDADO INTERMEDIÁRIO NEONATAL CONVENCIONAL;536
MOV;2025;4;UNIDADE DE CUIDADO INTERMEDIÁRIO NEONATAL CONVENCIONAL;558
MOV;2025;5;UNIDADE DE CUIDADO INTERMEDIÁRIO NEONATAL CONVENCIONAL;541
MOV;2025;6;UNIDADE DE CUIDADO INTERMEDIÁRIO NEONATAL CONVENCIONAL;579
MOV;2025;7;UNIDADE DE CUIDADO INTERMEDIÁRIO NEONATAL CONVENCIONAL;419
MOV;2025;8;UNIDADE DE CUIDADO INTERMEDIÁRIO NEONATAL CONVENCIONAL;612
MOV;2025;9;UNIDADE DE CUIDADO INTERMEDIÁRIO NEONATAL CONVENCIONAL;477
MOV;2025;10;UNIDADE DE CUIDADO INTERMEDIÁRIO NEONATAL CONVENCIONAL;530
MOV;2025;11;UNIDADE DE CUIDADO INTERMEDIÁRIO NEONATAL CONVENCIONAL;528
HJK;2025;1;UNIDADE DE CUIDADO INTERMEDIARIO NEONATAL CONVENCIONAL;181
HJK;2025;2;UNIDADE DE CUIDADO INTERMEDIARIO NEONATAL CONVENCIONAL;132
HJK;2025;3;UNIDADE DE CUIDADO INTERMEDIARIO NEONATAL CONVENCIONAL;265
HJK;2025;4;UNIDADE DE CUIDADO INTERMEDIARIO NEONATAL CONVENCIONAL;186
HJK;2025;5;UNIDADE DE CUIDADO INTERMEDIARIO NEONATAL CONVENCIONAL;139
HJK;2025;6;UNIDADE DE CUIDADO INTERMEDIARIO NEONATAL CONVENCIONAL;53
HJK;2025;7;UNIDADE DE CUIDADO INTERMEDIARIO NEONATAL CONVENCIONAL;55
HJK;2025;8;UNIDADE DE CUIDADO INTERMEDIARIO NEONATAL CONVENCIONAL;108
HJK;2025;9;UNIDADE DE CUIDADO INTERMEDIARIO NEONATAL CONVENCIONAL;151
HJK;2025;10;UNIDADE DE CUIDADO INTERMEDIARIO NEONATAL CONVENCIONAL;134
HJK;2025;11;UNIDADE DE CUIDADO INTERMEDIARIO NEONATAL CONVENCIONAL;109
MOV;2025;1;UNIDADE DE CUIDADO INTERMEDIÁRIO NEONATAL CANGURU;120
MOV;2025;2;UNIDADE DE CUIDADO INTERMEDIÁRIO NEONATAL CANGURU;93
MOV;2025;3;UNIDADE DE CUIDADO INTERMEDIÁRIO NEONATAL CANGURU;17
MOV;2025;4;UNIDADE DE CUIDADO INTERMEDIÁRIO NEONATAL CANGURU;19
MOV;2025;5;UNIDADE DE CUIDADO INTERMEDIÁRIO NEONATAL CANGURU;37
MOV;2025;6;UNIDADE DE CUIDADO INTERMEDIÁRIO NEONATAL CANGURU;117
MOV;2025;7;UNIDADE DE CUIDADO INTERMEDIÁRIO NEONATAL CANGURU;92
MOV;2025;8;UNIDADE DE CUIDADO INTERMEDIÁRIO NEONATAL CANGURU;97
MOV;2025;9;UNIDADE DE CUIDADO INTERMEDIÁRIO NEONATAL CANGURU;93
MOV;2025;10;UNIDADE DE CUIDADO INTERMEDIÁRIO NEONATAL CANGURU;108
MOV;2025;11;UNIDADE DE CUIDADO INTERMEDIÁRIO NEONATAL CANGURU;128
HJK;2025;8;UNIDADE DE CUIDADO INTERMEDIARIO NEONATAL CANGURU;39
HJK;2025;9;UNIDADE DE CUIDADO INTERMEDIARIO NEONATAL CANGURU;57
HJK;2025;10;UNIDADE DE CUIDADO INTERMEDIARIO NEONATAL CANGURU;75
HJK;2025;11;UNIDADE DE CUIDADO INTERMEDIARIO NEONATAL CANGURU;72
CHPB;2025;1;UIP-MASCULINA/CHPB/CHB;429
CHPB;2025;2;UIP-MASCULINA/CHPB/CHB;514
CHPB;2025;3;UIP-MASCULINA/CHPB/CHB;571
CHPB;2025;4;UIP-MASCULINA/CHPB/CHB;469
CHPB;2025;5;UIP-MASCULINA/CHPB/CHB;448
CHPB;2025;6;UIP-MASCULINA/CHPB/CHB;571
CHPB;2025;7;UIP-MASCULINA/CHPB/CHB;427
CHPB;2025;8;UIP-MASCULINA/CHPB/CHB;520
CHPB;2025;9;UIP-MASCULINA/CHPB/CHB;492
CHPB;2025;10;UIP-MASCULINA/CHPB/CHB;542
CHPB;2025;11;UIP-MASCULINA/CHPB/CHB;516
CHPB;2025;1;UIP-FEMININA/CHPB/CHB;227
CHPB;2025;2;UIP-FEMININA/CHPB/CHB;332
CHPB;2025;3;UIP-FEMININA/CHPB/CHB;402
CHPB;2025;4;UIP-FEMININA/CHPB/CHB;246
CHPB;2025;5;UIP-FEMININA/CHPB/CHB;292
CHPB;2025;6;UIP-FEMININA/CHPB/CHB;334
CHPB;2025;7;UIP-FEMININA/CHPB/CHB;336
CHPB;2025;8;UIP-FEMININA/CHPB/CHB;332
CHPB;2025;9;UIP-FEMININA/CHPB/CHB;194
CHPB;2025;10;UIP-FEMININA/CHPB/CHB;265
CHPB;2025;11;UIP-FEMININA/CHPB/CHB;259
HCM;2025;11;UICP - ALA C;42
HCM;2025;11;UICP - ALA B;113
HCM;2025;11;UICP - ALA A;137
HAC;2025;10;UDC - OBSERVAÇÃO;23
HAC;2025;11;UDC - OBSERVAÇÃO;67
HCM;2025;11;UCC - ALA C;9
HRBJA;2025;1;TRAUMATO-ORTOPEDIA CIRURGICA/CHPB/CHB;156
HRBJA;2025;2;TRAUMATO-ORTOPEDIA CIRURGICA/CHPB/CHB;81
HRBJA;2025;3;TRAUMATO-ORTOPEDIA CIRURGICA/CHPB/CHB;174
HRBJA;2025;4;TRAUMATO-ORTOPEDIA CIRURGICA/CHPB/CHB;116
HRBJA;2025;5;TRAUMATO-ORTOPEDIA CIRURGICA/CHPB/CHB;124
HRBJA;2025;6;TRAUMATO-ORTOPEDIA CIRURGICA/CHPB/CHB;192
HRBJA;2025;7;TRAUMATO-ORTOPEDIA CIRURGICA/CHPB/CHB;134
HRBJA;2025;8;TRAUMATO-ORTOPEDIA CIRURGICA/CHPB/CHB;195
HRBJA;2025;9;TRAUMATO-ORTOPEDIA CIRURGICA/CHPB/CHB;143
HRBJA;2025;10;TRAUMATO-ORTOPEDIA CIRURGICA/CHPB/CHB;54
HRBJA;2025;11;TRAUMATO-ORTOPEDIA CIRURGICA/CHPB/CHB;62
MOV;2025;10;SALA DE ESPERA - BLOCO OBSTÉTRICO;1
MOV;2025;11;SALA DE ESPERA - BLOCO OBSTÉTRICO;15
MOV;2025;10;SALA DE ESPERA - BLOCO CIRÚRGICO;3
MOV;2025;11;SALA DE ESPERA - BLOCO CIRÚRGICO;10
HJXXIII;2025;1;PRONTO SOCORRO;2355
HJXXIII;2025;2;PRONTO SOCORRO;1897
HJXXIII;2025;3;PRONTO SOCORRO;2285
HJXXIII;2025;4;PRONTO SOCORRO;2455
HJXXIII;2025;5;PRONTO SOCORRO;2456
HJXXIII;2025;6;PRONTO SOCORRO;2289
HJXXIII;2025;7;PRONTO SOCORRO;2498
HJXXIII;2025;8;PRONTO SOCORRO;2448
HJXXIII;2025;9;PRONTO SOCORRO;2089
HJXXIII;2025;10;PRONTO SOCORRO;2438
HJXXIII;2025;11;PRONTO SOCORRO;1970
MOV;2025;1;PRÉ-PARTO;175
MOV;2025;2;PRÉ-PARTO;184
MOV;2025;3;PRÉ-PARTO;225
MOV;2025;4;PRÉ-PARTO;214
MOV;2025;5;PRÉ-PARTO;189
MOV;2025;6;PRÉ-PARTO;182
MOV;2025;7;PRÉ-PARTO;123
MOV;2025;8;PRÉ-PARTO;133
MOV;2025;9;PRÉ-PARTO;132
MOV;2025;10;PRÉ-PARTO;145
MOV;2025;11;PRÉ-PARTO;120
CHPB;2025;1;LAR INCLUSIVO B/CHPB/CHB;385
CHPB;2025;2;LAR INCLUSIVO B/CHPB/CHB;334
CHPB;2025;3;LAR INCLUSIVO B/CHPB/CHB;366
CHPB;2025;4;LAR INCLUSIVO B/CHPB/CHB;310
CHPB;2025;5;LAR INCLUSIVO B/CHPB/CHB;304
CHPB;2025;6;LAR INCLUSIVO B/CHPB/CHB;270
CHPB;2025;7;LAR INCLUSIVO B/CHPB/CHB;279
CHPB;2025;8;LAR INCLUSIVO B/CHPB/CHB;245
CHPB;2025;9;LAR INCLUSIVO B/CHPB/CHB;240
CHPB;2025;10;LAR INCLUSIVO B/CHPB/CHB;248
CHPB;2025;11;LAR INCLUSIVO B/CHPB/CHB;223
CHPB;2025;1;LAR INCLUSIVO A/CHPB/CHB;342
CHPB;2025;2;LAR INCLUSIVO A/CHPB/CHB;308
CHPB;2025;3;LAR INCLUSIVO A/CHPB/CHB;340
CHPB;2025;4;LAR INCLUSIVO A/CHPB/CHB;309
CHPB;2025;5;LAR INCLUSIVO A/CHPB/CHB;315
CHPB;2025;6;LAR INCLUSIVO A/CHPB/CHB;300
CHPB;2025;7;LAR INCLUSIVO A/CHPB/CHB;281
CHPB;2025;8;LAR INCLUSIVO A/CHPB/CHB;279
CHPB;2025;9;LAR INCLUSIVO A/CHPB/CHB;270
CHPB;2025;10;LAR INCLUSIVO A/CHPB/CHB;279
CHPB;2025;11;LAR INCLUSIVO A/CHPB/CHB;263
HAC;2025;10;CTI ADULTO;167
HAC;2025;11;CTI ADULTO;297
HEM;2025;6;CTI - ADULTO;253
HEM;2025;7;CTI - ADULTO;380
HEM;2025;8;CTI - ADULTO;458
HEM;2025;9;CTI - ADULTO;347
HEM;2025;10;CTI - ADULTO;268
HEM;2025;11;CTI - ADULTO;263
HRBJA;2025;1;CLINICA MEDICA/HRB/CHB;815
HRBJA;2025;2;CLINICA MEDICA/HRB/CHB;728
HRBJA;2025;3;CLINICA MEDICA/HRB/CHB;823
HRBJA;2025;4;CLINICA MEDICA/HRB/CHB;798
HRBJA;2025;5;CLINICA MEDICA/HRB/CHB;826
HRBJA;2025;6;CLINICA MEDICA/HRB/CHB;785
HRBJA;2025;7;CLINICA MEDICA/HRB/CHB;836
HRBJA;2025;8;CLINICA MEDICA/HRB/CHB;828
HRBJA;2025;9;CLINICA MEDICA/HRB/CHB;799
HRBJA;2025;10;CLINICA MEDICA/HRB/CHB;828
HRBJA;2025;11;CLINICA MEDICA/HRB/CHB;806
CSSI;2025;1;CLÍNICA MÉDICA ALA C;360
CSSI;2025;2;CLÍNICA MÉDICA ALA C;364
CSSI;2025;3;CLÍNICA MÉDICA ALA C;338
CSSI;2025;4;CLÍNICA MÉDICA ALA C;324
CSSI;2025;5;CLÍNICA MÉDICA ALA C;318
CSSI;2025;6;CLÍNICA MÉDICA ALA C;326
CSSI;2025;7;CLÍNICA MÉDICA ALA C;320
CSSI;2025;8;CLÍNICA MÉDICA ALA C;226
CSSI;2025;9;CLÍNICA MÉDICA ALA C;239
CSSI;2025;10;CLÍNICA MÉDICA ALA C;281
CSSI;2025;11;CLÍNICA MÉDICA ALA C;317
CSSI;2025;1;CLÍNICA MÉDICA ALA B;11
CSSI;2025;2;CLÍNICA MÉDICA ALA B;20
CSSI;2025;6;CLÍNICA MÉDICA ALA B;5
CSSI;2025;7;CLÍNICA MÉDICA ALA B;9
CSSI;2025;8;CLÍNICA MÉDICA ALA B;18
CSSI;2025;9;CLÍNICA MÉDICA ALA B;10
CSSI;2025;10;CLÍNICA MÉDICA ALA B;1
CSSI;2025;11;CLÍNICA MÉDICA ALA B;6
CSSI;2025;8;CLINICA MEDICA ALA A;80
CSSI;2025;9;CLINICA MEDICA ALA A;118
CSSI;2025;10;CLINICA MEDICA ALA A;60
CSSI;2025;11;CLINICA MEDICA ALA A;62
HRBJA;2025;1;CLINICA CIRURGICA/HRB/CHB;541
HRBJA;2025;2;CLINICA CIRURGICA/HRB/CHB;435
HRBJA;2025;3;CLINICA CIRURGICA/HRB/CHB;585
HRBJA;2025;4;CLINICA CIRURGICA/HRB/CHB;594
HRBJA;2025;5;CLINICA CIRURGICA/HRB/CHB;611
HRBJA;2025;6;CLINICA CIRURGICA/HRB/CHB;611
HRBJA;2025;7;CLINICA CIRURGICA/HRB/CHB;636
HRBJA;2025;8;CLINICA CIRURGICA/HRB/CHB;646
HRBJA;2025;9;CLINICA CIRURGICA/HRB/CHB;610
HRBJA;2025;10;CLINICA CIRURGICA/HRB/CHB;612
HRBJA;2025;11;CLINICA CIRURGICA/HRB/CHB;607
MOV;2025;1;CLINICA CIRÚRGICA;269
MOV;2025;2;CLINICA CIRÚRGICA;309
MOV;2025;3;CLINICA CIRÚRGICA;361
MOV;2025;4;CLINICA CIRÚRGICA;369
MOV;2025;5;CLINICA CIRÚRGICA;526
MOV;2025;6;CLINICA CIRÚRGICA;462
MOV;2025;7;CLINICA CIRÚRGICA;442
MOV;2025;8;CLINICA CIRÚRGICA;444
MOV;2025;9;CLINICA CIRÚRGICA;449
MOV;2025;10;CLINICA CIRÚRGICA;437
MOV;2025;11;CLINICA CIRÚRGICA;393
HRJP;2025;3;CASA DA GESTANTE BEBÊ E PUÉRPERA;36
HRJP;2025;5;CASA DA GESTANTE BEBÊ E PUÉRPERA;33
HRJP;2025;6;CASA DA GESTANTE BEBÊ E PUÉRPERA;24
HRJP;2025;8;CASA DA GESTANTE BEBÊ E PUÉRPERA;2
HRJP;2025;9;CASA DA GESTANTE BEBÊ E PUÉRPERA;7
CHPB;2025;1;CAC/CHPB/CHB;13
CHPB;2025;2;CAC/CHPB/CHB;4
CHPB;2025;4;CAC/CHPB/CHB;21
CHPB;2025;5;CAC/CHPB/CHB;1
CHPB;2025;8;CAC/CHPB/CHB;8
CHPB;2025;9;CAC/CHPB/CHB;9
CHPB;2025;10;CAC/CHPB/CHB;7
CHPB;2025;11;CAC/CHPB/CHB;24
HRAD;2025;1;BLOCO OBSTÉTRICO;21
HRAD;2025;2;BLOCO OBSTÉTRICO;26
HRAD;2025;3;BLOCO OBSTÉTRICO;30
HRAD;2025;4;BLOCO OBSTÉTRICO;24
HRAD;2025;5;BLOCO OBSTÉTRICO;20
HRAD;2025;6;BLOCO OBSTÉTRICO;30
HRAD;2025;7;BLOCO OBSTÉTRICO;18
HRAD;2025;8;BLOCO OBSTÉTRICO;17
HRAD;2025;9;BLOCO OBSTÉTRICO;10
HRAD;2025;10;BLOCO OBSTÉTRICO;22
HRAD;2025;11;BLOCO OBSTÉTRICO;23
HCM;2025;6;BLOCO CIRURGICO;1
HCM;2025;9;BLOCO CIRURGICO;2
HCM;2025;11;BLOCO CIRURGICO;3
HJK;2025;2;BLOCO CIRURGICO;1
HJK;2025;4;BLOCO CIRURGICO;1
HJXXIII;2025;1;BLOCO CIRURGICO;86
HJXXIII;2025;2;BLOCO CIRURGICO;122
HJXXIII;2025;3;BLOCO CIRURGICO;91
HJXXIII;2025;4;BLOCO CIRURGICO;129
HJXXIII;2025;5;BLOCO CIRURGICO;113
HJXXIII;2025;6;BLOCO CIRURGICO;111
HJXXIII;2025;7;BLOCO CIRURGICO;127
HJXXIII;2025;8;BLOCO CIRURGICO;143
HJXXIII;2025;9;BLOCO CIRURGICO;103
HJXXIII;2025;10;BLOCO CIRURGICO;123
HJXXIII;2025;11;BLOCO CIRURGICO;123
HRJP;2025;1;ALOJAMENTO CONJUNTO /UNIDADE DE INTERNAÇÃO;369
HRJP;2025;2;ALOJAMENTO CONJUNTO /UNIDADE DE INTERNAÇÃO;356
HRJP;2025;3;ALOJAMENTO CONJUNTO /UNIDADE DE INTERNAÇÃO;466
HRJP;2025;4;ALOJAMENTO CONJUNTO /UNIDADE DE INTERNAÇÃO;447
HRJP;2025;5;ALOJAMENTO CONJUNTO /UNIDADE DE INTERNAÇÃO;497
HRJP;2025;6;ALOJAMENTO CONJUNTO /UNIDADE DE INTERNAÇÃO;436
HRJP;2025;7;ALOJAMENTO CONJUNTO /UNIDADE DE INTERNAÇÃO;468
HRJP;2025;8;ALOJAMENTO CONJUNTO /UNIDADE DE INTERNAÇÃO;439
HRJP;2025;9;ALOJAMENTO CONJUNTO /UNIDADE DE INTERNAÇÃO;365
HRJP;2025;10;ALOJAMENTO CONJUNTO /UNIDADE DE INTERNAÇÃO;419
HRJP;2025;11;ALOJAMENTO CONJUNTO /UNIDADE DE INTERNAÇÃO;411
HJK;2025;1;ALOJAMENTO CONJUNTO;596
HJK;2025;2;ALOJAMENTO CONJUNTO;575
HJK;2025;3;ALOJAMENTO CONJUNTO;693
HJK;2025;4;ALOJAMENTO CONJUNTO;690
HJK;2025;5;ALOJAMENTO CONJUNTO;658
HJK;2025;6;ALOJAMENTO CONJUNTO;591
HJK;2025;7;ALOJAMENTO CONJUNTO;614
HJK;2025;8;ALOJAMENTO CONJUNTO;627
HJK;2025;9;ALOJAMENTO CONJUNTO;592
HJK;2025;10;ALOJAMENTO CONJUNTO;538
HJK;2025;11;ALOJAMENTO CONJUNTO;438
HRAD;2025;1;ALOJAMENTO CONJUNTO;444
HRAD;2025;2;ALOJAMENTO CONJUNTO;420
HRAD;2025;3;ALOJAMENTO CONJUNTO;450
HRAD;2025;4;ALOJAMENTO CONJUNTO;403
HRAD;2025;5;ALOJAMENTO CONJUNTO;430
HRAD;2025;6;ALOJAMENTO CONJUNTO;434
HRAD;2025;7;ALOJAMENTO CONJUNTO;436
HRAD;2025;8;ALOJAMENTO CONJUNTO;409
HRAD;2025;9;ALOJAMENTO CONJUNTO;455
HRAD;2025;10;ALOJAMENTO CONJUNTO;434
HRAD;2025;11;ALOJAMENTO CONJUNTO;449
MOV;2025;1;ALOJAMENTO CONJUNTO;731
MOV;2025;2;ALOJAMENTO CONJUNTO;693
MOV;2025;3;ALOJAMENTO CONJUNTO;790
MOV;2025;4;ALOJAMENTO CONJUNTO;698
MOV;2025;5;ALOJAMENTO CONJUNTO;685
MOV;2025;6;ALOJAMENTO CONJUNTO;600
MOV;2025;7;ALOJAMENTO CONJUNTO;579
MOV;2025;8;ALOJAMENTO CONJUNTO;635
MOV;2025;9;ALOJAMENTO CONJUNTO;569
MOV;2025;10;ALOJAMENTO CONJUNTO;566
MOV;2025;11;ALOJAMENTO CONJUNTO;529
HEM;2025;6;ALA D;224
HEM;2025;7;ALA D;350
HEM;2025;8;ALA D;340
HEM;2025;9;ALA D;334
HEM;2025;10;ALA D;333
HEM;2025;11;ALA D;286
IRS;2025;1;ALA D;388
IRS;2025;2;ALA D;334
IRS;2025;3;ALA D;428
IRS;2025;4;ALA D;408
IRS;2025;5;ALA D;437
IRS;2025;6;ALA D;441
IRS;2025;7;ALA D;388
IRS;2025;8;ALA D;334
IRS;2025;9;ALA D;364
IRS;2025;10;ALA D;464
IRS;2025;11;ALA D;453
HEM;2025;6;ALA C;580
HEM;2025;7;ALA C;807
HEM;2025;8;ALA C;827
HEM;2025;9;ALA C;817
HEM;2025;10;ALA C;792
HEM;2025;11;ALA C;802
IRS;2025;1;ALA C;409
IRS;2025;2;ALA C;469
IRS;2025;3;ALA C;567
IRS;2025;4;ALA C;565
IRS;2025;5;ALA C;557
IRS;2025;6;ALA C;565
IRS;2025;7;ALA C;445
IRS;2025;8;ALA C;457
IRS;2025;9;ALA C;539
IRS;2025;10;ALA C;633
IRS;2025;11;ALA C;560
IRS;2025;1;ALA B;207
IRS;2025;2;ALA B;274
IRS;2025;3;ALA B;414
IRS;2025;4;ALA B;390
IRS;2025;5;ALA B;409
IRS;2025;6;ALA B;412
IRS;2025;7;ALA B;371
IRS;2025;8;ALA B;427
IRS;2025;9;ALA B;417
IRS;2025;10;ALA B;429
IRS;2025;11;ALA B;371
HEM;2025;6;ALA A;566
HEM;2025;7;ALA A;830
HEM;2025;8;ALA A;815
HEM;2025;9;ALA A;748
HEM;2025;10;ALA A;790
HEM;2025;11;ALA A;757
IRS;2025;1;ALA A;348
IRS;2025;2;ALA A;314
IRS;2025;3;ALA A;346
IRS;2025;4;ALA A;418
IRS;2025;5;ALA A;410
IRS;2025;6;ALA A;442
IRS;2025;7;ALA A;368
IRS;2025;8;ALA A;437
IRS;2025;9;ALA A;413
IRS;2025;10;ALA A;404
IRS;2025;11;ALA A;368
